{
  "project_info": {
    "project_number": "533107739855",
    "firebase_url": "https://fir-todo-35f60.firebaseio.com",
    "project_id": "fir-todo-35f60",
    "storage_bucket": "fir-todo-35f60.appspot.com"
  },
  "client": [
    {
      "client_info": {
        "mobilesdk_app_id": "1:533107739855:android:8b0bc2adc2dc91c7373bba",
        "android_client_info": {
          "package_name": "com.example.firebasetodo"
        }
      },
      "oauth_client": [
        {
          "client_id": "533107739855-oaaupd6erbntcaou6aj8549ei87kjv4j.apps.googleusercontent.com",
          "client_type": 1,
          "android_info": {
            "package_name": "com.example.firebasetodo",
            "certificate_hash": "1b4b90bac2c8b2ab6fc45900686684870f50e25d"
          }
        },
        {
          "client_id": "533107739855-meriambe5psdgnikro9852kr9busk0ki.apps.googleusercontent.com",
          "client_type": 3
        }
      ],
      "api_key": [
        {
          "current_key": "AIzaSyAzTqk2g9JA8kUfRKeJvC0OSvfjZ0ZqzwA"
        }
      ],
      "services": {
        "appinvite_service": {
          "other_platform_oauth_client": [
            {
              "client_id": "533107739855-meriambe5psdgnikro9852kr9busk0ki.apps.googleusercontent.com",
              "client_type": 3
            }
          ]
        }
      }
    }
  ],
  "configuration_version": "1"
}